Name,Company Domain Name,Website URL,Phone Number,Email,PMS,Booking URL,Number of Rooms,Lead Status,Existing Customer in Area,Description,Latitude,Longitude
Fernandez Bay Village,fernandezbayvillage.com,http://www.fernandezbayvillage.com/,+19543027422,,InnRoad,https://fernandezbayvillage.client.innroad.com/,,New,,PMS: InnRoad | Booking URL: https://fernandezbayvillage.client.innroad.com/,,
Riverside Hotel Fort Lauderdale,riversidehotel.com,https://www.riversidehotel.com/?utm_source=GoogleBusinessProfile&utm_medium=Website&utm_campaign=MapLabs,9544670671,frontdesk@riversidehotel.com,SynXis / TravelClick,https://reservations.travelclick.com/15542?_gl=1*pchc4p*,,New,,PMS: SynXis / TravelClick | Booking URL: https://reservations.travelclick.com/15542?_gl=1*pchc4p*,,
Oasis Hotel,oasishotelftl.com,https://oasishotelftl.com/?utm_source=Google%20My%20Business&utm_medium=Website%20Button&utm_campaign=Fort%20Lauderdale,19545233043,reservations@oasishotelftl.com,Cloudbeds,https://hotels.cloudbeds.com/reservation/lyuYrq?utm_source=website&utm_medium=banner&utm_campaign=direct_perk,,New,,PMS: Cloudbeds | Booking URL: https://hotels.cloudbeds.com/reservation/lyuYrq?utm_source=website&utm_medium=banner&utm_campaign=direct_perk,,
Crocodhouse,crocodhouse.com,http://www.crocodhouse.com/,+5731737294,Ecrocodhouse@gmail.com,SiteMinder,https://direct-book.com/properties/crocodhousehosteldirect?locale=en&referrer=canvas,,New,,PMS: SiteMinder | Booking URL: https://direct-book.com/properties/crocodhousehosteldirect?locale=en&referrer=canvas,,
Yacht Haven Park & Marina – South Florida’s Motorcoach & Yachting Resort.,yachthavenpark.com,http://www.yachthavenpark.com/,8005812322,reservations@yachthavenpark.com,RMS Cloud,https://bookings.rmscloud.com/Search/Index/B78D70C6A4C68321/90/,,New,,PMS: RMS Cloud | Booking URL: https://bookings.rmscloud.com/Search/Index/B78D70C6A4C68321/90/,,
Cottages El Portal,cottageselportal.com,https://www.cottageselportal.com/,3058541919,,SiteMinder,https://direct-book.com/properties/CottageselPortalDirect?locale=en&referrer=canvas,,New,,PMS: SiteMinder | Booking URL: https://direct-book.com/properties/CottageselPortalDirect?locale=en&referrer=canvas,,
The Tony Hotel South Beach,thetonyhotel.com,http://www.thetonyhotel.com/,3055312222,info@thetonyhotel.com,SynXis / TravelClick,https://be.synxis.com/?hotel=37598&chain=29137,,New,,PMS: SynXis / TravelClick | Booking URL: https://be.synxis.com/?hotel=37598&chain=29137,,
The Moore,mooremiami.com,https://www.mooremiami.com/,,workplace@mooremiami.com,SynXis / TravelClick,https://be.synxis.com/?hotel=45485,,New,,PMS: SynXis / TravelClick | Booking URL: https://be.synxis.com/?hotel=45485,,
"Balfour Miami Beach, a Wyndham Registry Hotel",balfourhotelmiami.com,https://balfourhotelmiami.com/,+13055381055,,SynXis / TravelClick,https://be-p2.synxis.com/?&hotel=92914&Rate=RODBK&src=SBE,,New,,PMS: SynXis / TravelClick | Booking URL: https://be-p2.synxis.com/?&hotel=92914&Rate=RODBK&src=SBE,,
Belmont Inn & Suites Florida City,belmontinnflorida.com,https://belmontinnflorida.com/,+13052489300,,ASI Web Reservations,https://reservation.asiwebres.com/SearchAvailability.aspx?id=da2a965166104632a6ab130ce95f71ed,10,New,,PMS: ASI Web Reservations | Booking URL: https://reservation.asiwebres.com/SearchAvailability.aspx?id=da2a965166104632a6ab130ce95f71ed | Rooms: 10,,
North Miami Beach Gardens Inn & Suites,northmiamibeachgardenshotel.com,https://www.northmiamibeachgardenshotel.com/,3059491441,nmbgardensinnsuites@gmail.com,SiteMinder,https://direct-book.com/properties/northmiamigardensinnsuitesdirect?locale=en&referrer=canvas,,New,,PMS: SiteMinder | Booking URL: https://direct-book.com/properties/northmiamigardensinnsuitesdirect?locale=en&referrer=canvas,,
The Meridian Hotel by At Mine Hospitality,atminehospitality.com,https://www.atminehospitality.com/,+13054977553,info@atminehospitality.com,Cloudbeds,https://www.atminehospitality.com/portfolio#BookNow,,New,,PMS: Cloudbeds | Booking URL: https://www.atminehospitality.com/portfolio#BookNow,,
The Rover Miami,therovermiami.com,https://therovermiami.com/,3054002591,bookings@therovermiami.com,Cloudbeds,https://hotels.cloudbeds.com/reservation/salDvK?_ga=2.242526146.192803527.1730126222-1b7e9b74-1729-4449-bc20-de0745cae402,,New,,PMS: Cloudbeds | Booking URL: https://hotels.cloudbeds.com/reservation/salDvK?_ga=2.242526146.192803527.1730126222-1b7e9b74-1729-4449-bc20-de0745cae402,,
The Julia Hotel By At Mine Hospitality,atminehospitality.com,https://www.atminehospitality.com/,+13054977553,info@atminehospitality.com,Cloudbeds,https://www.atminehospitality.com/portfolio#BookNow,,New,,PMS: Cloudbeds | Booking URL: https://www.atminehospitality.com/portfolio#BookNow,,
Gaythering Hotel,gaythering.com,https://www.gaythering.com/,,,SynXis / TravelClick,https://reservations.travelclick.com/9879894?HotelId=9879894&languageid=1&rooms=1&adults=1&roomtypeid=548844&_gl=1*idv36w*,,New,,PMS: SynXis / TravelClick | Booking URL: https://reservations.travelclick.com/9879894?HotelId=9879894&languageid=1&rooms=1&adults=1&roomtypeid=548844&_gl=1*idv36w*,,
Hotel Redland,thehotelredland.com,https://www.thehotelredland.com/,3052461904,thehotelredland@gmail.com,Cloudbeds,https://hotels.cloudbeds.com/reservation/Hn6ZDL,,New,,PMS: Cloudbeds | Booking URL: https://hotels.cloudbeds.com/reservation/Hn6ZDL,,
Miami Gardens Inn & Suites,miamigardensinnsuites.com,http://www.miamigardensinnsuites.com/,7866617070,booking@miamigardensinnsuites.com,Cloudbeds,https://hotels.cloudbeds.com/reservation/W5eZoT?_ga=2.198070573.36306101.1758543281-7e157769-e5ac-47ef-b29d-c497bab325b2,,New,,PMS: Cloudbeds | Booking URL: https://hotels.cloudbeds.com/reservation/W5eZoT?_ga=2.198070573.36306101.1758543281-7e157769-e5ac-47ef-b29d-c497bab325b2,,
Majestic Hotel South Beach,majesticsouthbeach.com,https://www.majesticsouthbeach.com/,3054553270,reservations@cambean.com,Cloudbeds,https://hotels.cloudbeds.com/reservation/cEJwKG,,New,,PMS: Cloudbeds | Booking URL: https://hotels.cloudbeds.com/reservation/cEJwKG,,
Uptown Suites Extended Stay Miami FL - Homestead,uptownsuites.com,https://uptownsuites.com/locations/homestead-florida/?utm_source=google&utm_medium=GMB,18664633760,,Windsurfer CRS,https://res.windsurfercrs.com/ibe/index.aspx?propertyID=15335&nono=1,,New,,PMS: Windsurfer CRS | Booking URL: https://res.windsurfercrs.com/ibe/index.aspx?propertyID=15335&nono=1,,
Waldorf Towers South Beach,waldorftowersmiami.com,https://www.waldorftowersmiami.com/?utm_medium=organic&utm_source=google&utm_campaign=business-listing,7864468100,info@waldorftowersmiami.com,SynXis / TravelClick,https://be.synxis.com/?Hotel=42023&Chain=31158,,New,,PMS: SynXis / TravelClick | Booking URL: https://be.synxis.com/?Hotel=42023&Chain=31158,,
Beacon South Beach Hotel,beaconsouthbeach.com,http://www.beaconsouthbeach.com/,3057638700,beaconfd@luxuri.com,SynXis / TravelClick,https://be.synxis.com/?adult=1&arrive=2023-08-08&chain=6063&child=0&currency=USD&depart=2023-08-09&hotel=64087&level=hotel&locale=en-US&rooms=1,,New,,PMS: SynXis / TravelClick | Booking URL: https://be.synxis.com/?adult=1&arrive=2023-08-08&chain=6063&child=0&currency=USD&depart=2023-08-09&hotel=64087&level=hotel&locale=en-US&rooms=1,,
Trump International Beach Resort,trumpmiami.com,https://www.trumpmiami.com/,18003409789,,SynXis / TravelClick,https://be.synxis.com/signin?&adult=1&arrive=2023-05-09&chain=10237&child=0&config=MIATT3&currency=USD&depart=2023-05-11&hotel=57739&level=hotel&locale=en-US&rooms=1&start=availresults,,New,,PMS: SynXis / TravelClick | Booking URL: https://be.synxis.com/signin?&adult=1&arrive=2023-05-09&chain=10237&child=0&config=MIATT3&currency=USD&depart=2023-05-11&hotel=57739&level=hotel&locale=en-US&rooms=1&start=availresults,,
Hotel Breakwater South Beach,breakwatersouthbeach.com,http://breakwatersouthbeach.com/,3055322362,info@breakwatersouthbeach.com,SynXis / TravelClick,https://be.synxis.com/?adult=1&arrive=2019-12-08&chain=19289&child=0&currency=USD&depart=2019-12-09&hotel=69824&level=hotel&locale=en-US&rooms=1,,New,,PMS: SynXis / TravelClick | Booking URL: https://be.synxis.com/?adult=1&arrive=2019-12-08&chain=19289&child=0&currency=USD&depart=2019-12-09&hotel=69824&level=hotel&locale=en-US&rooms=1,,
Clevelander South Beach,clevelander.com,https://www.clevelander.com/,8775324006,,SynXis / TravelClick,https://www.clevelander.com/promotions.htm,,New,,PMS: SynXis / TravelClick | Booking URL: https://www.clevelander.com/promotions.htm,,
Essex House by Clevelander,essexhotel.com,https://www.essexhotel.com/,8775324006,,SynXis / TravelClick,https://be.synxis.com/?Hotel=47373&promo=CYBER,,New,,PMS: SynXis / TravelClick | Booking URL: https://be.synxis.com/?Hotel=47373&promo=CYBER,,
Hotel Ocean South Beach,hotelocean.com,http://hotelocean.com/,+13056722579,Hoteloceanfd@luxuri.com,SynXis / TravelClick,https://be.synxis.com/?adult=1&arrive=2019-12-08&chain=19289&child=0&currency=USD&depart=2019-12-09&hotel=69824&level=hotel&locale=en-US&rooms=1,,New,,PMS: SynXis / TravelClick | Booking URL: https://be.synxis.com/?adult=1&arrive=2019-12-08&chain=19289&child=0&currency=USD&depart=2019-12-09&hotel=69824&level=hotel&locale=en-US&rooms=1,,
Hotel Victor South Beach,hotelvictorsouthbeach.com,http://www.hotelvictorsouthbeach.com/,3055345555,info@hotelvictorsouthbeach.com,SynXis / TravelClick,https://be.synxis.com/?hotel=69833&chain=19289,,New,,PMS: SynXis / TravelClick | Booking URL: https://be.synxis.com/?hotel=69833&chain=19289,,
Ocean Reef Suites,oceanreefsuites.com,http://www.oceanreefsuites.com/,+13055381970,reservations@blueroad.us,Cloudbeds,https://us2.cloudbeds.com/en/reservation/hzwVk9,,New,,PMS: Cloudbeds | Booking URL: https://us2.cloudbeds.com/en/reservation/hzwVk9,,
Sagamore Hotel South Beach - An All Suite Hotel,sagamoresouthbeach.com,https://www.sagamoresouthbeach.com/,3055358088,reservations@sagamorehotel.com,SynXis / TravelClick,https://be.synxis.com/?hotel=6465&rate=DSPROM,,New,,PMS: SynXis / TravelClick | Booking URL: https://be.synxis.com/?hotel=6465&rate=DSPROM,,
Bposhtels Hollywood Florida,bposhtels.com,https://www.bposhtels.com/hollywood-florida,+18882767485,HollywoodFL@Bposhtels.com,Cloudbeds,https://hotels.cloudbeds.com/reservation/VdP2ES,,New,,PMS: Cloudbeds | Booking URL: https://hotels.cloudbeds.com/reservation/VdP2ES,,
Hyde Beach House,hydehollywoodbeach.com,https://www.hydehollywoodbeach.com/properties/beach-house,17865223800,HYDEBEACHHOUSE@SOSOUTHFL.COM,SynXis / TravelClick,https://be.synxis.com/?Hotel=10471&Chain=26905,,New,,PMS: SynXis / TravelClick | Booking URL: https://be.synxis.com/?Hotel=10471&Chain=26905,,
National Hotel,nationalhotel.com,https://nationalhotel.com/,1810181747,info@nationalhotel.com,SynXis / TravelClick,https://static.travelclick.com/web-component-sdk/amadeus-hos-res-ibe-wc-sdk/amadeus-hos-res-ibe-wc-sdk-latest/amadeus-hos-res-ibe-wc-sdk.bundle.js?tx=1812202519,,New,,PMS: SynXis / TravelClick | Booking URL: https://static.travelclick.com/web-component-sdk/amadeus-hos-res-ibe-wc-sdk/amadeus-hos-res-ibe-wc-sdk-latest/amadeus-hos-res-ibe-wc-sdk.bundle.js?tx=1812202519,,
Crest Hotel Suites,cresthotel.com,http://cresthotel.com/?utm_source=gmb&utm_medium=organic,3055310321,,SynXis / TravelClick,https://reservations.travelclick.com/107414?HotelId=107414&languageid=1&rooms=1&adults=1&roomtypeid=453099&_gl=1*19hjwqi*,,New,,PMS: SynXis / TravelClick | Booking URL: https://reservations.travelclick.com/107414?HotelId=107414&languageid=1&rooms=1&adults=1&roomtypeid=453099&_gl=1*19hjwqi*,,
The Catalina Hotel & Beach Club,catalinahotel.com,https://catalinahotel.com/,+13056741160,,SynXis / TravelClick,https://reservations.travelclick.com/107605?HotelId=107605&languageid=1&rooms=1&adults=1&roomtypeid=550058&_gl=1*19hjwqi*,,New,,PMS: SynXis / TravelClick | Booking URL: https://reservations.travelclick.com/107605?HotelId=107605&languageid=1&rooms=1&adults=1&roomtypeid=550058&_gl=1*19hjwqi*,,
"Grand Palms Hotel, Spa and Golf Resort",grandpalmsresort.com,https://www.grandpalmsresort.com/,,,SynXis / TravelClick,https://bookings.travelclick.com/15123?domain=www.grandpalmsresort.com&HotelID=15123&LanguageID=1,,New,,PMS: SynXis / TravelClick | Booking URL: https://bookings.travelclick.com/15123?domain=www.grandpalmsresort.com&HotelID=15123&LanguageID=1,,
Flow Fort Lauderdale Hotel,flowhotel.life,https://flowhotel.life/fort-lauderdale,,,Cloudbeds,https://us2.cloudbeds.com/en/reservation/jpzih8/?currency=usd&utm_source=flowhotel_life&utm_medium=organic&utm_campaign=default_direct_traffic,,New,,PMS: Cloudbeds | Booking URL: https://us2.cloudbeds.com/en/reservation/jpzih8/?currency=usd&utm_source=flowhotel_life&utm_medium=organic&utm_campaign=default_direct_traffic,,
The Stiles Hotel,thestileshotel.com,http://www.thestileshotel.com/,3056747800,,SynXis / TravelClick,http://www.travelclick.com/,,New,,PMS: SynXis / TravelClick | Booking URL: http://www.travelclick.com/,,
Riviera Hotel South Beach,rivierahotelsouthbeach.com,https://rivierahotelsouthbeach.com/,+13058098050,,SynXis / TravelClick,https://reservations.travelclick.com/107609?HotelId=107609&languageid=1&rooms=1&adults=1&roomtypeid=473470&_gl=1*1fv39yz*,,New,,PMS: SynXis / TravelClick | Booking URL: https://reservations.travelclick.com/107609?HotelId=107609&languageid=1&rooms=1&adults=1&roomtypeid=473470&_gl=1*1fv39yz*,,
Chesterfield Hotel & Suites,thechesterfieldhotel.com,https://thechesterfieldhotel.com/,3057034641,bookings@southbeachgroup.com,SynXis / TravelClick,https://bookings.travelclick.com/107611?adults=2&Children=0&domain=thechesterfieldhotel.com/&Rooms=1,,New,,PMS: SynXis / TravelClick | Booking URL: https://bookings.travelclick.com/107611?adults=2&Children=0&domain=thechesterfieldhotel.com/&Rooms=1,,
Inn On The Drive,innonthedrive.com,https://www.innonthedrive.com/,9549906499,Einfo@innonthedrive.com,Mews,https://app.mews.com/distributor/7c9a00ce-2526-46e7-8e9a-b2d100120418?locale=en&referrer=canvas,,New,,PMS: Mews | Booking URL: https://app.mews.com/distributor/7c9a00ce-2526-46e7-8e9a-b2d100120418?locale=en&referrer=canvas,,
Starlite Hotel,starlitehotel.com,http://www.starlitehotel.com/,3055342161,reservations@starlitehotel.com,Cloudbeds,https://hotels.cloudbeds.com/reservation/H2ureq,,New,,PMS: Cloudbeds | Booking URL: https://hotels.cloudbeds.com/reservation/H2ureq,,
President Hotel South Beach,presidentsouthbeach.com,http://www.presidentsouthbeach.com/,8447689738,,SiteMinder,https://direct-book.com/properties/presidenthotelmiamibeachdirect?promotion_code=DIRECT,,New,,PMS: SiteMinder | Booking URL: https://direct-book.com/properties/presidenthotelmiamibeachdirect?promotion_code=DIRECT,,
Cavalier South Beach Hotel,cavaliersouthbeach.com,https://www.cavaliersouthbeach.com/,3056731199,reservations@cavaliersouthbeach.com,SiteMinder,https://widget.siteminder.com/ibe.min.js,,New,,PMS: SiteMinder | Booking URL: https://widget.siteminder.com/ibe.min.js,,
Local House Hotel,localhouse.com,http://www.localhouse.com/,3055385529,info@localhouse.com,Mews,chrome-error://chromewebdata/,,New,,PMS: Mews | Booking URL: chrome-error://chromewebdata/,,
Island House South Beach Hotel,islandhousesouthbeach.com,https://islandhousesouthbeach.com/,+13058642422,,SynXis / TravelClick,https://be.synxis.com/?Hotel=41834&Chain=6063,,New,,PMS: SynXis / TravelClick | Booking URL: https://be.synxis.com/?Hotel=41834&Chain=6063,,
The Big Coconut Guesthouse,thebigcoconutguesthouse.com,http://thebigcoconutguesthouse.com/,+19547129600,,ResNexus,http://thebigcoconutguesthouse.com/Reservations.php,,New,,PMS: ResNexus | Booking URL: http://thebigcoconutguesthouse.com/Reservations.php,,
Red South Beach Hotel,redsouthbeachhotel.com,https://www.redsouthbeachhotel.com/,6287665789,info@redsouthbeach.com,Windsurfer CRS,https://res.windsurfercrs.com/ibe/index.aspx?propertyID=17326&nono=1,,New,,PMS: Windsurfer CRS | Booking URL: https://res.windsurfercrs.com/ibe/index.aspx?propertyID=17326&nono=1,,
Ed Lugo Resort,edlugoresort.com,http://edlugoresort.com/,9542758299,,ResNexus,https://reserve3.resnexus.com/resnexus/reservations/lodging/07FE6F66-48D6-4756-A57A-FE74E93F1E51,,New,,PMS: ResNexus | Booking URL: https://reserve3.resnexus.com/resnexus/reservations/lodging/07FE6F66-48D6-4756-A57A-FE74E93F1E51,,
Inn Leather Guest House & Resort,innleather.com,http://www.innleather.com/,9544671444,innleather@outlook.com,ResNexus,https://resnexus.com/resnexus/reservations/book/1039EE1A-17FD-4E78-BF50-9A412C8AE7D7,,New,,PMS: ResNexus | Booking URL: https://resnexus.com/resnexus/reservations/book/1039EE1A-17FD-4E78-BF50-9A412C8AE7D7,,
Aqua Hotel,aquamiami.com,http://www.aquamiami.com/?utm_source=gmb&utm_medium=organic,3055384361,,SynXis / TravelClick,https://reservations.travelclick.com/5080?HotelId=5080&languageid=1&rooms=1&adults=1&roomtypeid=512613&_gl=1*1w5vfuk*,,New,,PMS: SynXis / TravelClick | Booking URL: https://reservations.travelclick.com/5080?HotelId=5080&languageid=1&rooms=1&adults=1&roomtypeid=512613&_gl=1*1w5vfuk*,,
Hotel Croydon Miami Beach,hotelcroydonmiamibeach.com,https://hotelcroydonmiamibeach.com/,+13057034641,,SynXis / TravelClick,https://reservations.travelclick.com/107623?HotelId=107623&languageid=1&rooms=1&adults=1&roomtypeid=550377&_gl=1*1w5vfuk*,,New,,PMS: SynXis / TravelClick | Booking URL: https://reservations.travelclick.com/107623?HotelId=107623&languageid=1&rooms=1&adults=1&roomtypeid=550377&_gl=1*1w5vfuk*,,
Hollywood Gateway Inn,hollywoodgatewayinn.com,https://www.hollywoodgatewayinn.com/,9549231516,paz@hollywoodgatewayinn.com,SiteMinder,https://app.thebookingbutton.com/properties/%20hollywoodinndirect,,New,,PMS: SiteMinder | Booking URL: https://app.thebookingbutton.com/properties/%20hollywoodinndirect,,
South Beach Hotel,southbeachhotel.com,http://www.southbeachhotel.com/,3055313464,reservations@southbeachhotel.com,SynXis / TravelClick,https://reservations.travelclick.com/77680?HotelId=77680&languageid=1&rooms=1&adults=1&roomtypeid=301114&_gl=1*1to90ot*,,New,,PMS: SynXis / TravelClick | Booking URL: https://reservations.travelclick.com/77680?HotelId=77680&languageid=1&rooms=1&adults=1&roomtypeid=301114&_gl=1*1to90ot*,,
Hotolos Hollywood,hotolos.com,https://hotolos.com/,9549221600,office@hotolos.com,Cloudbeds,https://hotels.cloudbeds.com/en/reservation/jsJTRC,,New,,PMS: Cloudbeds | Booking URL: https://hotels.cloudbeds.com/en/reservation/jsJTRC,,
Fantasy Island Inn Caters to Men,fantasyislandinn.com,https://fantasyislandinn.com/,9543209635,,InnRoad,https://fantasyislandinn.com/book-now,,New,,PMS: InnRoad | Booking URL: https://fantasyislandinn.com/book-now,,
Penguin Hotel,penguinhotel.com,http://www.penguinhotel.com/,3055349334,reservations@penguinhotel.com,SiteMinder,https://direct-book.com/properties/PenguinHotelSouthBeachDirect?promotion_code=DIRECT,,New,,PMS: SiteMinder | Booking URL: https://direct-book.com/properties/PenguinHotelSouthBeachDirect?promotion_code=DIRECT,,
Lincoln Arms Suites,lincolnarmssuites.com,https://lincolnarmssuites.com/,3057034641,bookings@southbeachgroup.com,SynXis / TravelClick,https://bookings.travelclick.com/107619?adults=2&Children=0&domain=lincolnarmssuites.com/&Rooms=1#/datesofstay,,New,,PMS: SynXis / TravelClick | Booking URL: https://bookings.travelclick.com/107619?adults=2&Children=0&domain=lincolnarmssuites.com/&Rooms=1#/datesofstay,,
Petit St Vincent Resort,petitstvincent.com,http://www.petitstvincent.com/,+17844588801,Info@PetitStVincent.com,SynXis / TravelClick,https://be.synxis.com/?adult=2&chain=22402&child=0&hotel=78781&level=hotel&locale=en-GB&rooms=1&filter=HOTEL&src=24C,,New,,PMS: SynXis / TravelClick | Booking URL: https://be.synxis.com/?adult=2&chain=22402&child=0&hotel=78781&level=hotel&locale=en-GB&rooms=1&filter=HOTEL&src=24C,,
Lago Mar Beach Resort & Club,lagomar.com,http://www.lagomar.com/,9545236511,reservations@lagomar.com,Windsurfer CRS,https://res.windsurfercrs.com/ibe/index.aspx?propertyID=17191,,New,,PMS: Windsurfer CRS | Booking URL: https://res.windsurfercrs.com/ibe/index.aspx?propertyID=17191,,
Henrosa Hotel,henrosahotel.com,https://www.henrosahotel.com/,7865830400,reservations@henrosahotel.com,SiteMinder,https://widget.siteminder.com/ibe.min.js,,New,,PMS: SiteMinder | Booking URL: https://widget.siteminder.com/ibe.min.js,,
Marseilles Beachfront Hotel,marseilleshotel.com,http://www.marseilleshotel.com/,,,SynXis / TravelClick,https://bookings.travelclick.com/96973?adults=2&Children=0&Rooms=1,,New,,PMS: SynXis / TravelClick | Booking URL: https://bookings.travelclick.com/96973?adults=2&Children=0&Rooms=1,,
The Gates Hotel South Beach,gatessouthbeach.com,https://www.gatessouthbeach.com/,3058609444,Rooms@gatessouthbeach.com,SynXis / TravelClick,https://be.synxis.com/?Hotel=47819&Chain=33107,,New,,PMS: SynXis / TravelClick | Booking URL: https://be.synxis.com/?Hotel=47819&Chain=33107,,
Lorraine Hotel,lorrainehotel.com,http://www.lorrainehotel.com/,+13055387721,reservations@blueroad.us,Cloudbeds,https://us2.cloudbeds.com/reservation/8fkdd6,42,New,,PMS: Cloudbeds | Booking URL: https://us2.cloudbeds.com/reservation/8fkdd6 | Rooms: 42,,
Tranquilo Hotel,tranquilofortlauderdale.com,http://www.tranquilofortlauderdale.com/,9545655790,,Mews,https://app.mews.com/distributor/4fc691b4-38ec-4572-aa71-b2f8016c61c8,,New,,PMS: Mews | Booking URL: https://app.mews.com/distributor/4fc691b4-38ec-4572-aa71-b2f8016c61c8,,
Beach Plaza,staybluesuede.com,https://www.staybluesuede.com/hotels/beach-plaza/?utm_source=google&utm_medium=organic&utm_campaign=business_listing,3056154649,info@staybluesuede.com,Mews,https://app.mews.com/distributor/b3353007-9378-49d9-a2f1-b33f0175a119?mewsStart=2025-12-18&mewsEnd=2025-12-21&mewsRoom=1&mewsAdultCount=1,,New,,PMS: Mews | Booking URL: https://app.mews.com/distributor/b3353007-9378-49d9-a2f1-b33f0175a119?mewsStart=2025-12-18&mewsEnd=2025-12-21&mewsRoom=1&mewsAdultCount=1,,
Sea Club Resort,seaclubresort.com,http://www.seaclubresort.com/,9545643211,,SiteMinder,https://direct-book.com/properties/seaclubresortdirect,,New,,PMS: SiteMinder | Booking URL: https://direct-book.com/properties/seaclubresortdirect,,
The Plymouth South Beach,theplymouth.com,http://www.theplymouth.com/,3056025000,,SynXis / TravelClick,https://reservations.travelclick.com/97367?HotelId=97367&languageid=1&rooms=1&adults=2&roomtypeid=432884&_gl=1*1jduyri*,,New,,PMS: SynXis / TravelClick | Booking URL: https://reservations.travelclick.com/97367?HotelId=97367&languageid=1&rooms=1&adults=2&roomtypeid=432884&_gl=1*1jduyri*,,
Generator Miami,staygenerator.com,https://staygenerator.com/hotels/miami?utm_source=google-my-business&utm_medium=organic&utm_campaign=hostel-Miami,+17864965730,ask.miami@staygenerator.com,Mews,https://api.mews.com/distributor/distributor.min.js,,New,,PMS: Mews | Booking URL: https://api.mews.com/distributor/distributor.min.js,,
Sun Tower Hotel & Suites,suntowerhotelsuites.com,https://suntowerhotelsuites.com/?utm_medium=organic&utm_source=google&utm_campaign=business-listing,9545655700,info@suntowerhotelsuites.com,IQWebBook,https://us01.iqwebbook.com/STHSFL299/Integration/Search/,,New,,PMS: IQWebBook | Booking URL: https://us01.iqwebbook.com/STHSFL299/Integration/Search/,,
Tropirock,tropirockfortlauderdale.com,http://tropirockfortlauderdale.com/,9545655790,,Mews,https://app.mews.com/distributor/9e5a388c-c3c0-4862-986a-b2f80166870d,,New,,PMS: Mews | Booking URL: https://app.mews.com/distributor/9e5a388c-c3c0-4862-986a-b2f80166870d,,
The Daydrift,thedaydrift.com,https://www.thedaydrift.com/?utm_source=google&utm_medium=organic&utm_campaign=business_listing,3056154649,,Cloudbeds,https://hotels.cloudbeds.com/en/reservation/hQqr12?currency=usd,,New,,PMS: Cloudbeds | Booking URL: https://hotels.cloudbeds.com/en/reservation/hQqr12?currency=usd,,
President Hotel Villa Miami Beach,presidentvillamiami.com,https://www.presidentvillamiami.com/,8447689738,Reservations@presidenthotelmiami.com,SiteMinder,https://direct-book.com/properties/presidentvillahotelmiamibeachdirect?promotion_code=DIRECT,,New,,PMS: SiteMinder | Booking URL: https://direct-book.com/properties/presidentvillahotelmiamibeachdirect?promotion_code=DIRECT,,
The Royal Palms,royalpalms.com,http://www.royalpalms.com/,9545655790,,Mews,https://app.mews.com/distributor/716e93cd-7cbc-465b-8160-b2f801697dd5,,New,,PMS: Mews | Booking URL: https://app.mews.com/distributor/716e93cd-7cbc-465b-8160-b2f801697dd5,,
Sea Beach Plaza Hotel,seabeachftl.com,https://www.seabeachftl.com/,+19549102963,hello@wheatleighhotel.com,Mews,https://app.mews.com/distributor/cb615149-715e-4949-bd6a-b218002321e6,,New,,PMS: Mews | Booking URL: https://app.mews.com/distributor/cb615149-715e-4949-bd6a-b218002321e6,,
Hotel Alamo,atminehospitality.com,https://www.atminehospitality.com/,+13054977553,info@atminehospitality.com,Cloudbeds,https://www.atminehospitality.com/portfolio#BookNow,,New,,PMS: Cloudbeds | Booking URL: https://www.atminehospitality.com/portfolio#BookNow,,
Secret Garden Miami Beach,secretgardenmiamibeach.com,http://www.secretgardenmiamibeach.com/,+17862756434,reservations@secretgardenmiamibeach.com,WebRez,https://secure.webrez.com/hotel/3245,,New,,PMS: WebRez | Booking URL: https://secure.webrez.com/hotel/3245,,
Snooze Hotel,takeasnooze.com,http://www.takeasnooze.com/,+19547619933,info@takeasnooze.com,Cloudbeds,https://www.cloudbeds.com,,New,,PMS: Cloudbeds | Booking URL: https://www.cloudbeds.com,,
Premiere Hotel,premierehotel.com,http://www.premierehotel.com/,+19545667676,info@premierehotel.com,SiteMinder,https://app.thebookingbutton.com/properties/premierhoreldirect,,New,,PMS: SiteMinder | Booking URL: https://app.thebookingbutton.com/properties/premierhoreldirect,,
Beach Gardens,beachgardenshotel.com,http://www.beachgardenshotel.com/,9545655790,,Mews,https://app.mews.com/distributor/ff984703-8392-4a3e-948e-b2f80162d299,,New,,PMS: Mews | Booking URL: https://app.mews.com/distributor/ff984703-8392-4a3e-948e-b2f80162d299,,
Riviere South Beach Hotel,rivierehotel.com,http://www.rivierehotel.com/,+13055313488,reservations@blueroad.us,Cloudbeds,https://us2.cloudbeds.com/reservation/Crd1IN,,New,,PMS: Cloudbeds | Booking URL: https://us2.cloudbeds.com/reservation/Crd1IN,,
The Shelborne By Proper,shelborne.com,https://shelborne.com/?utm_source=local-listings&utm_medium=organic&utm_campaign=local-listings,13053411400,info@shelborne.com,Newbook,https://shelborne.com/?utm_source=local-listings&utm_medium=organic&utm_campaign=local-listings#wpcf7-f349-p11-o1,251,New,,PMS: Newbook | Booking URL: https://shelborne.com/?utm_source=local-listings&utm_medium=organic&utm_campaign=local-listings#wpcf7-f349-p11-o1 | Rooms: 251,,
"The Setai, Miami Beach",thesetaihotel.com,https://www.thesetaihotel.com/?utm_source=local&utm_campaign=GMB&utm_medium=organic,+18446628387,info@thesetaihotel.com,SynXis / TravelClick,https://be.synxis.com/signIn?&chain=24447&hotel=7030&src=30,,New,,PMS: SynXis / TravelClick | Booking URL: https://be.synxis.com/signIn?&chain=24447&hotel=7030&src=30,,
Casitas Coral Ridge,casitascoralridge.com,http://www.casitascoralridge.com/,9545633840,info@casitascoralridge.com,ResNexus,https://resnexus.com/resnexus/reservations/book/50826D38-522B-4A82-BB2E-B08F459024DE,,New,,PMS: ResNexus | Booking URL: https://resnexus.com/resnexus/reservations/book/50826D38-522B-4A82-BB2E-B08F459024DE,,
The Villa Casa Casuarina At The Former Versace Mansion,vmmiamibeach.com,http://www.vmmiamibeach.com/,+17864852200,,SynXis / TravelClick,https://be.synxis.com/?hotel=69832,,New,,PMS: SynXis / TravelClick | Booking URL: https://be.synxis.com/?hotel=69832,,
Agave on the Beach,agaveonthebeach.com,https://www.agaveonthebeach.com/,3054296672,agaveonthebeach@gmail.com,Cloudbeds,https://us2.cloudbeds.com/reservation/iQZr1y,,New,,PMS: Cloudbeds | Booking URL: https://us2.cloudbeds.com/reservation/iQZr1y,,
La Casa,lacasafortlauderdale.com,http://lacasafortlauderdale.com/,9545655790,,Mews,https://app.mews.com/distributor/95dd6bc2-74a8-46e0-82ce-b2f8016ba0f1,,New,,PMS: Mews | Booking URL: https://app.mews.com/distributor/95dd6bc2-74a8-46e0-82ce-b2f8016ba0f1,,
Aqua Hotel,aquafortlauderdale.com,https://aquafortlauderdale.com/,9545655790,,Mews,https://app.mews.com/distributor/3c9b7163-a743-41e2-a0b1-b2f8016aa116,,New,,PMS: Mews | Booking URL: https://app.mews.com/distributor/3c9b7163-a743-41e2-a0b1-b2f8016aa116,,
Boulan South Beach,boulanmiami.com,http://www.boulanmiami.com/,3059250740,,SynXis / TravelClick,https://reservations.travelclick.com/76985?datein=12%2F18%2F2025&dateout=12%2F19%2F2025&adults=1&identifier=BDIR&languageid=1&_gl=1*oq7wfk*,,New,,PMS: SynXis / TravelClick | Booking URL: https://reservations.travelclick.com/76985?datein=12%2F18%2F2025&dateout=12%2F19%2F2025&adults=1&identifier=BDIR&languageid=1&_gl=1*oq7wfk*,,
B Ocean Resort Fort Lauderdale Beach,boceanresort.com,http://www.boceanresort.com/,9545641000,,SynXis / TravelClick,https://be.synxis.com/?chain=24407&hotel=6230&level=hotel&locale=en-US,,New,,PMS: SynXis / TravelClick | Booking URL: https://be.synxis.com/?chain=24407&hotel=6230&level=hotel&locale=en-US,,
Cabanas Guesthouse & Spa,thecabanasguesthouse.com,http://www.thecabanasguesthouse.com/,9545647764,info@thecabanasguesthouse.com,ResNexus,https://reserve6.resnexus.com/resnexus/reservations/lodging/9C4B0F89-D1BD-4985-A4D9-3806833DBE98,,New,,PMS: ResNexus | Booking URL: https://reserve6.resnexus.com/resnexus/reservations/lodging/9C4B0F89-D1BD-4985-A4D9-3806833DBE98,,
Viajero Hostels Miami,viajerohostels.com,https://www.viajerohostels.com/en/destinations-eeuu/miami-south-beach/,+17866534440,miami@viajerohostels.com,Cloudbeds,https://hotels.cloudbeds.com/,,New,,PMS: Cloudbeds | Booking URL: https://hotels.cloudbeds.com/,,
Strand Ocean Drive Suites,strandoceandrivesuites.com,https://www.strandoceandrivesuites.com/,+17147170053,,SiteMinder,https://direct-book.com/properties/strandoceandrivesuites,,New,,PMS: SiteMinder | Booking URL: https://direct-book.com/properties/strandoceandrivesuites,,
Westgate South Beach Oceanfront Resort,resort.to,https://resort.to/wsbor?y_source=1_OTc1MjI0Mi03MTUtbG9jYXRpb24ud2Vic2l0ZQ%3D%3D,,,FareHarbor,https://fareharbor.com/embeds/api/v1/?autolightframe=yes,,New,,PMS: FareHarbor | Booking URL: https://fareharbor.com/embeds/api/v1/?autolightframe=yes,,
Deco Boutique Hotel,atminehospitality.com,https://www.atminehospitality.com/,+13054977553,info@atminehospitality.com,Cloudbeds,https://www.atminehospitality.com/portfolio#BookNow,,New,,PMS: Cloudbeds | Booking URL: https://www.atminehospitality.com/portfolio#BookNow,,
Pantera Rosa,panterarosamiami.com,https://panterarosamiami.com/,3059287564,info@bluesuedehospitality.com,Cloudbeds,https://hotels.cloudbeds.com/en/reservation/3nyjDv,,New,,PMS: Cloudbeds | Booking URL: https://hotels.cloudbeds.com/en/reservation/3nyjDv,,
The Winterset Suites,wintersethotel.com,http://wintersethotel.com/,9545655790,,Mews,https://app.mews.com/distributor/7b485ec6-1a4a-46dd-bd1b-b2f8016d9e13,,New,,PMS: Mews | Booking URL: https://app.mews.com/distributor/7b485ec6-1a4a-46dd-bd1b-b2f8016d9e13,,
Rolo Beach Hotel,rolobeachhotel.com,http://www.rolobeachhotel.com/,+19545805050,info@rolobeachhotel.com,Cloudbeds,https://www.cloudbeds.com/hotel-management-software,25,New,,PMS: Cloudbeds | Booking URL: https://www.cloudbeds.com/hotel-management-software | Rooms: 25,,
The Victoria Park Hotel,thevictoriaparkhotel.com,http://thevictoriaparkhotel.com/,7548885002,,Mews,https://app.mews.com/distributor/536aa094-e8e5-477f-ad8f-b2f8016fee81,,New,,PMS: Mews | Booking URL: https://app.mews.com/distributor/536aa094-e8e5-477f-ad8f-b2f8016fee81,,
North Beach Hotel,thenorthbeachhotel.com,http://thenorthbeachhotel.com/,9545655790,,Mews,https://app.mews.com/distributor/440081be-43f6-4414-9a88-b2f8016ef564,,New,,PMS: Mews | Booking URL: https://app.mews.com/distributor/440081be-43f6-4414-9a88-b2f8016ef564,,
The Garden Hotel & Resort,thegardenhotelandresort.com,http://thegardenhotelandresort.com/,9545633400,info@thegardenhotelandresort.com,Windsurfer CRS,https://res.windsurfercrs.com/ibe/index.aspx?propertyID=17327&brandID=3560,,New,,PMS: Windsurfer CRS | Booking URL: https://res.windsurfercrs.com/ibe/index.aspx?propertyID=17327&brandID=3560,,
South River Suites,southriversuites.com,http://www.southriversuites.com/,8004309086,,Windsurfer CRS,https://res.windsurfercrs.com/ibe/index.aspx?propertyID=17745&nono=1&lang=en-us,,New,,PMS: Windsurfer CRS | Booking URL: https://res.windsurfercrs.com/ibe/index.aspx?propertyID=17745&nono=1&lang=en-us,,
Provident Doral at The Blue Miami - Book Direct & Save More!,providentresorts.com,http://www.providentresorts.com/provident-doral-at-the-blue-miami/?utm_source=local&utm_campaign=gmb&utm_medium=organic,8339411821,,SynXis / TravelClick,https://reservations.providentblue.com/?chain=10494&hotel=62100&locale=en&arrive=2025-12-18&depart=2025-12-19&rooms=1&adult=1,6,New,,PMS: SynXis / TravelClick | Booking URL: https://reservations.providentblue.com/?chain=10494&hotel=62100&locale=en&arrive=2025-12-18&depart=2025-12-19&rooms=1&adult=1 | Rooms: 6,,
Red Carpet Inn Fort Lauderdale,redcarpetinns.com,http://redcarpetinns.com/,9547924700,,SiteMinder,https://direct-book.com/properties/RedCarpetInn(Fort%20Lauderdale)Direct,,New,,PMS: SiteMinder | Booking URL: https://direct-book.com/properties/RedCarpetInn(Fort%20Lauderdale)Direct,,
San Juan Hotel South Beach,sjhsouthbeach.com,http://sjhsouthbeach.com/,,,Cloudbeds,https://static1.cloudbeds.com/booking-engine-immersive-experience/latest/cloudbeds-immersive-experience.js,,New,,PMS: Cloudbeds | Booking URL: https://static1.cloudbeds.com/booking-engine-immersive-experience/latest/cloudbeds-immersive-experience.js,,
Hollywood Gardens Inn & Suites,hollywoodgardensinnsuites.com,http://www.hollywoodgardensinnsuites.com/,9549290389,,Cloudbeds,https://hotels.cloudbeds.com/reservation/ur4ICh,,New,,PMS: Cloudbeds | Booking URL: https://hotels.cloudbeds.com/reservation/ur4ICh,,
Downtown Hollywood Gardens Inn & Suites,downtownhollywoodgardensinnsuites.com,https://www.downtownhollywoodgardensinnsuites.com/,9543610092,info@downtownhollywoodgardensinnsuites.com,SiteMinder,https://direct-book.com/properties/downtownhollywoodgardensdirect?locale=en&referrer=canvas,,New,,PMS: SiteMinder | Booking URL: https://direct-book.com/properties/downtownhollywoodgardensdirect?locale=en&referrer=canvas,,
Sunset Inn South Miami,sunsetinnmiami.com,https://www.sunsetinnmiami.com/south-miami,7865818811,,Cloudbeds,https://sofla-suites.cloudbeds.com/reservas/vnyAif?referral_id=26282&association_direct=1,,New,,PMS: Cloudbeds | Booking URL: https://sofla-suites.cloudbeds.com/reservas/vnyAif?referral_id=26282&association_direct=1,,
SoFLA Vacations,soflavacations.com,https://www.soflavacations.com/,7865452204,customerservice@soflavacations.com,Cloudbeds,https://hotels.cloudbeds.com/en/reservation/6503pW?promo=LAUNCH25&currency=usd,,New,,PMS: Cloudbeds | Booking URL: https://hotels.cloudbeds.com/en/reservation/6503pW?promo=LAUNCH25&currency=usd,,
Shalimar Motel,shalimarmotelmiami.com,https://www.shalimarmotelmiami.com/,+13057510345,,JEHS / iPMS,https://live.ipms247.com/booking/book-rooms-shalimarmotel,1,New,,PMS: JEHS / iPMS | Booking URL: https://live.ipms247.com/booking/book-rooms-shalimarmotel | Rooms: 1,,
The New Yorker Miami Hotel,thenewyorkermiami.com,http://thenewyorkermiami.com/,3057595823,hotelnewyorkermiami@gmail.com,Cloudbeds,https://www.cloudbeds.com/hotel-management-software/,,New,,PMS: Cloudbeds | Booking URL: https://www.cloudbeds.com/hotel-management-software/,,
Palm Tree Club Miami,palmtreeclubmiami.com,https://www.palmtreeclubmiami.com/?utm_source=google&utm_medium=organic&utm_campaign=business_listing,3058657100,boats@palmtreeclubmiami.com,SynXis / TravelClick,https://be.synxis.com/?Hotel=46715&Chain=32621&promo=BDIR,,New,,PMS: SynXis / TravelClick | Booking URL: https://be.synxis.com/?Hotel=46715&Chain=32621&promo=BDIR,,
The Mutiny Hotel by Provident Hotels & Resorts,providentresorts.com,https://www.providentresorts.com/the-mutiny-hotel-coconut-grove-miami?utm_source=local&utm_campaign=gmb&utm_medium=organic,8666826506,,SynXis / TravelClick,https://reservations.themutinyhotel.com/?chain=10494&hotel=28178&locale=en&arrive=2025-12-18&depart=2025-12-19&rooms=1&adult=1&_ga=GA1.1.1154970925.1766086288,6,New,,PMS: SynXis / TravelClick | Booking URL: https://reservations.themutinyhotel.com/?chain=10494&hotel=28178&locale=en&arrive=2025-12-18&depart=2025-12-19&rooms=1&adult=1&_ga=GA1.1.1154970925.1766086288 | Rooms: 6,,
Gables Inn,thegablesinn.net,https://www.thegablesinn.net/,3056617999,service@thegablesinn.net,IQWebBook,https://us01.iqwebbook.com/GIFL537/,,New,,PMS: IQWebBook | Booking URL: https://us01.iqwebbook.com/GIFL537/,,
The Vagabond Hotel Miami,thevagabondhotelmiami.com,http://www.thevagabondhotelmiami.com/,13054008420,,SynXis / TravelClick,https://reservations.travelclick.com/95185?HotelId=95185&languageid=1&rooms=1&adults=1&roomtypeid=358733&_gl=1*121oo0e*,,New,,PMS: SynXis / TravelClick | Booking URL: https://reservations.travelclick.com/95185?HotelId=95185&languageid=1&rooms=1&adults=1&roomtypeid=358733&_gl=1*121oo0e*,,
Mr. C Miami | Coconut Grove,mrccoconutgrove.com,http://www.mrccoconutgrove.com/,3058006672,,SynXis / TravelClick,https://be.synxis.com/signin?&hotel=45103,,New,,PMS: SynXis / TravelClick | Booking URL: https://be.synxis.com/signin?&hotel=45103,,
Coral Reef Suites,coralreefkeybiscayne.com,http://coralreefkeybiscayne.com/,+17867127223,,SynXis / TravelClick,https://reservations.travelclick.com/110087,51,New,,PMS: SynXis / TravelClick | Booking URL: https://reservations.travelclick.com/110087 | Rooms: 51,,
Nuvo Suites Hotel,nuvosuites.com,https://www.nuvosuites.com/,+17864729095,,SynXis / TravelClick,https://reservations.travelclick.com/102270?HotelID=102270,,New,,PMS: SynXis / TravelClick | Booking URL: https://reservations.travelclick.com/102270?HotelID=102270,,
Miccosukee Casino & Resort,miccosukee.com,https://miccosukee.com/,3059252555,,SiteMinder,https://direct-book.com/properties/miccosukeeresortgamingdirect,,New,,PMS: SiteMinder | Booking URL: https://direct-book.com/properties/miccosukeeresortgamingdirect,,
2520 Living,hotolos.com,https://hotolos.com/,9549221600,office@hotolos.com,Cloudbeds,https://hotels.cloudbeds.com/en/reservation/jsJTRC,,New,,PMS: Cloudbeds | Booking URL: https://hotels.cloudbeds.com/en/reservation/jsJTRC,,
Downtown Hollywood Boutique Hotel,downtownhollywoodhotel.com,http://www.downtownhollywoodhotel.com/,9543001777,info@downtownhollywoodhotel.com,Little Hotelier,https://emea.littlehotelier.com/properties/downtown-hollywood-boutique-hotel,4,New,,PMS: Little Hotelier | Booking URL: https://emea.littlehotelier.com/properties/downtown-hollywood-boutique-hotel | Rooms: 4,,
Green Island Inn,greenislandinn.com,http://greenislandinn.com/,9542754565,greenisland3300@gmail.com,ASI Web Reservations,https://reservation.asiwebres.com/SearchAvailability.aspx?id=6e15d1a250ab4e6fbb478276e40f2981,,New,,PMS: ASI Web Reservations | Booking URL: https://reservation.asiwebres.com/SearchAvailability.aspx?id=6e15d1a250ab4e6fbb478276e40f2981,,
Ocean Reef Hotel,oceanreefinn.com.asi.support,https://www.oceanreefinn.com.asi.support/,+19545630660,oceanreefhotel@yahoo.com,ASI Web Reservations,https://reservation.asiwebres.com/v2/app_themes/default/js/DateValidation.js,,New,,PMS: ASI Web Reservations | Booking URL: https://reservation.asiwebres.com/v2/app_themes/default/js/DateValidation.js,,
Biltmore Hotel Miami Coral Gables,biltmorehotel.com,https://www.biltmorehotel.com/,3054451926,,SynXis / TravelClick,https://be.synxis.com/?hotel=31115&chain=10237,,New,,PMS: SynXis / TravelClick | Booking URL: https://be.synxis.com/?hotel=31115&chain=10237,,
Hollywood Beach Tower,hollywoodflbeachtower.com,http://www.hollywoodflbeachtower.com/,9549205133,,SynXis / TravelClick,https://be.synxis.com/?chain=31323&hotel=42630,,New,,PMS: SynXis / TravelClick | Booking URL: https://be.synxis.com/?chain=31323&hotel=42630,,
Granada Inn,thegranadainn.net,http://thegranadainn.net/,7546672858,info@thegranadainn.net,InnRoad,http://granadaproperties.client.innroad.com/,,New,,PMS: InnRoad | Booking URL: http://granadaproperties.client.innroad.com/,,
Miami International Airport Hotel,miahotel.com,https://www.miahotel.com/?utm_source=google&utm_medium=organic&utm_campaign=gbp_listing,3058714100,resv@miamiairporthotel.com,Windsurfer CRS,https://res.windsurfercrs.com/ibe/change.aspx?propertyID=17195,,New,,PMS: Windsurfer CRS | Booking URL: https://res.windsurfercrs.com/ibe/change.aspx?propertyID=17195,,
Hollywood Beach Suites + Hotel,hollywoodbeachsuitehotel.com,https://hollywoodbeachsuitehotel.com/,3057034641,bookings@southbeachgroup.com,SynXis / TravelClick,https://bookings.travelclick.com/107615?adults=2&Children=0&domain=hollywoodbeachsuitehotel.com/&Rooms=1,,New,,PMS: SynXis / TravelClick | Booking URL: https://bookings.travelclick.com/107615?adults=2&Children=0&domain=hollywoodbeachsuitehotel.com/&Rooms=1,,
Fort Lauderdale Beach Resort,flbeachresort.com,http://www.flbeachresort.com/,9545668800,,Vacatia,https://vacatia.com/miami-fort-lauderdale-vacation-resort-rentals/fort-lauderdale-beach-resort-by-vacatia/united-states-north-america,,New,,PMS: Vacatia | Booking URL: https://vacatia.com/miami-fort-lauderdale-vacation-resort-rentals/fort-lauderdale-beach-resort-by-vacatia/united-states-north-america,,
Hotel Sheldon,hotelsheldon.com,http://www.hotelsheldon.com/,+19549226020,reservations@hotelsheldon.com,Cloudbeds,https://hotels.cloudbeds.com/en/reservas/6rkVFi,,New,,PMS: Cloudbeds | Booking URL: https://hotels.cloudbeds.com/en/reservas/6rkVFi,,
Caribbean Resort by the Ocean,caribbeanresortflorida.com,https://caribbeanresortflorida.com/,9549223761,info@caribbeanresortflorida.com,ASI Web Reservations,https://reservation.asiwebres.com/v2/RoomAvailability.aspx?id=fa5f9bf7338040ed9c8ca49e2b1e395b,,New,,PMS: ASI Web Reservations | Booking URL: https://reservation.asiwebres.com/v2/RoomAvailability.aspx?id=fa5f9bf7338040ed9c8ca49e2b1e395b,,
Hollywood Sands Resort,hollywoodsands.net,http://hollywoodsands.net,9549252285,,SynXis / TravelClick,https://be.synxis.com/?hotel=42855&level=hotel&locale=en-US,,New,,PMS: SynXis / TravelClick | Booking URL: https://be.synxis.com/?hotel=42855&level=hotel&locale=en-US,,
Villa Venezia - Hotel Fort Lauderdale,villa-venezia.com,http://www.villa-venezia.com/?utm_source=Google%20Maps%20-%20Locl.io&utm_medium=Website%20Button&utm_campaign=VillaVenezia,+19548320981,info@villa-venezia.com,Cloudbeds,https://us2.cloudbeds.com/en/reservation/5UuUbq?currency=usd,,New,,PMS: Cloudbeds | Booking URL: https://us2.cloudbeds.com/en/reservation/5UuUbq?currency=usd,,
Owner Rentals at Pelican Grand Beach Resort,pelicanbeach.com,https://www.pelicanbeach.com/,9546228417,,SynXis / TravelClick,https://www.pelicanbeach.com/reservations/#/booking/step-1,,New,,PMS: SynXis / TravelClick | Booking URL: https://www.pelicanbeach.com/reservations/#/booking/step-1,,
Hotel St. Michel,hotelstmichel.com,http://www.hotelstmichel.com/index.html,18008484683,reservations@hotelstmichel.com,SynXis / TravelClick,http://be.synxis.com/?hotel=43205,3,New,,PMS: SynXis / TravelClick | Booking URL: http://be.synxis.com/?hotel=43205 | Rooms: 3,,
Riptide Oceanfront Hotel & Tiki Bar,riptidehotel.com,http://www.riptidehotel.com/,+9549217667,info@riptidehotel.com,Mews,https://app.mews.com/distributor/aa6948c9-9632-4725-be54-b37e0091c9b8,,New,,PMS: Mews | Booking URL: https://app.mews.com/distributor/aa6948c9-9632-4725-be54-b37e0091c9b8,,
LaTerrace Oceanfront Hotel,laterraceoceanfront.com,http://www.laterraceoceanfront.com/,,laterrace600@gmail.com,InnRoad,https://laterrace.client.innroad.com/,13,New,,PMS: InnRoad | Booking URL: https://laterrace.client.innroad.com/ | Rooms: 13,,
Coral House Hotel,coralhousehotel.com,http://www.coralhousehotel.com/,9549229411,ECoralHouseMotel@gmail.com,SiteMinder,https://direct-book.com/properties/coralhousehoteldirect?locale=en&referrer=canvas,12,New,,PMS: SiteMinder | Booking URL: https://direct-book.com/properties/coralhousehoteldirect?locale=en&referrer=canvas | Rooms: 12,,
Ponce De Leon Hotel,hotelponcedeleon.com,http://www.hotelponcedeleon.com/,+13054449934,Einfo@hotelponcedeleon.com,SiteMinder,https://direct-book.com/properties/hotelponcedeleondirect?locale=en&referrer=canvas,,New,,PMS: SiteMinder | Booking URL: https://direct-book.com/properties/hotelponcedeleondirect?locale=en&referrer=canvas,,
The Desoto Inn,thedesoto.com,http://www.thedesoto.com/,3059884326,desotobythesea315@gmail.com,Cloudbeds,https://hotels.cloudbeds.com/en/reservation/ULY5yo/?currency=usd,8,New,,PMS: Cloudbeds | Booking URL: https://hotels.cloudbeds.com/en/reservation/ULY5yo/?currency=usd | Rooms: 8,,
"Diane Oceanfront Suites Hollywood Beach, Florida: Best Hotel and Best Motel on the Beach and Most Popular Hotel in South FL",dianeoceanfrontsuites.com,https://dianeoceanfrontsuites.com/,+19549279236,Dianemotel1@gmail.com,SiteMinder,https://direct-book.com/properties/thedianemoteldirect,,New,,PMS: SiteMinder | Booking URL: https://direct-book.com/properties/thedianemoteldirect,,
Rooftop Resort,rooftopresort.com,http://www.rooftopresort.com/,,,Cloudbeds,https://us2.cloudbeds.com/reservation/z7Lle1,,New,,PMS: Cloudbeds | Booking URL: https://us2.cloudbeds.com/reservation/z7Lle1,,
The Marlin Beachside,themarlinbeachside.com,http://themarlinbeachside.com/,+19545054459,info@themarlinbeachside.com,SiteMinder,https://direct-book.com/properties/themarlinbeachsidedirect,,New,,PMS: SiteMinder | Booking URL: https://direct-book.com/properties/themarlinbeachsidedirect,,
The Biscayne Hotel,thebiscaynehotel.com,http://thebiscaynehotel.com/,3054560432,reservation@thebiscaynehotel.com,Mews,https://app.mews.com/distributor/257692e9-bda3-4a00-9623-b0290156cea0,53,New,,PMS: Mews | Booking URL: https://app.mews.com/distributor/257692e9-bda3-4a00-9623-b0290156cea0 | Rooms: 53,,
Shore View Hotel,shoreviewhotel.com,https://shoreviewhotel.com/?utm_source=google&utm_medium=gmb,+19549227500,,Cloudbeds,https://hotels.cloudbeds.com/en/widget/load/mQ8KH6/float,,New,,PMS: Cloudbeds | Booking URL: https://hotels.cloudbeds.com/en/widget/load/mQ8KH6/float,,
Bay Harbor One Vacation,hotels.cloudbeds.com,https://hotels.cloudbeds.com/reservation/Jv92r7#checkin=2023-01-15&checkout=2023-01-17,,,Cloudbeds,https://hotels.cloudbeds.com/reservation/Jv92r7,,New,,PMS: Cloudbeds | Booking URL: https://hotels.cloudbeds.com/reservation/Jv92r7,,
Grand Beach Hotel,grandbeachhotel.com,https://www.grandbeachhotel.com/hotels/miami?utm_source=google-local&utm_medium=organic&utm_campaign=gmb_miami_beach,+13055388666,Reservations@GrandBeachHotel.com,SynXis / TravelClick,https://reservations.grandbeachhotel.com/?Hotel=77298&Chain=16961,10,New,,PMS: SynXis / TravelClick | Booking URL: https://reservations.grandbeachhotel.com/?Hotel=77298&Chain=16961 | Rooms: 10,,
Fontainebleau Miami Beach,fontainebleau.com,https://fontainebleau.com/?utm_source=google-local&utm_medium=organic&utm_campaign=gmb,,,SynXis / TravelClick,https://be.synxis.com/?adult=2&arrive=2025-12-18&chain=5321&child=0&currency=USD&depart=2025-12-22&hotel=12476&level=hotel&locale=en-U,,New,,PMS: SynXis / TravelClick | Booking URL: https://be.synxis.com/?adult=2&arrive=2025-12-18&chain=5321&child=0&currency=USD&depart=2025-12-22&hotel=12476&level=hotel&locale=en-U,,
Eden Roc Miami Beach,edenrochotelmiami.com,https://www.edenrochotelmiami.com/?utm_source=google-gbp&utm_medium=organic&utm_campaign=gbp,3057047605,edenrocreservations@nobuedenroc.com,SynXis / TravelClick,https://be.synxis.com/?arrive=2025-12-18&depart=2025-12-19&rooms=1&adults=2&children=0&hotel=59764,,New,,PMS: SynXis / TravelClick | Booking URL: https://be.synxis.com/?arrive=2025-12-18&depart=2025-12-19&rooms=1&adults=2&children=0&hotel=59764,,
Crystal Beach Suites Miami Oceanfront Hotel,crystalbeachsuites.com,https://www.crystalbeachsuites.com/,4759087465,,SynXis / TravelClick,https://be.synxis.com/?Hotel=23867&Chain=6063,,New,,PMS: SynXis / TravelClick | Booking URL: https://be.synxis.com/?Hotel=23867&Chain=6063,,
Fortune House Hotel,fortunehousehotel.com,http://www.fortunehousehotel.com/,+13053495200,reservations@fortunehousehotel.com,SiteMinder,https://webbox-assets.siteminder.com/assets/themes/css/themeAllycolorPalette4-c96921a059e291c7c8ea93904dd13f94.css,,New,,PMS: SiteMinder | Booking URL: https://webbox-assets.siteminder.com/assets/themes/css/themeAllycolorPalette4-c96921a059e291c7c8ea93904dd13f94.css,,
Hoosville Hostel,hoosvillehostel.com,http://www.hoosvillehostel.com/,3053634644,Fuse4200@gmail.com,WebRez,https://secure.webrez.com/hotel/1376/book,,New,,PMS: WebRez | Booking URL: https://secure.webrez.com/hotel/1376/book,,
YVE Hotel Miami,yvehotelmiami.com,https://www.yvehotelmiami.com/?utm_source=google&utm_medium=organic&utm_campaign=local-listing,+13053584555,,RezTrip,https://yvehotelmiami.book.pegsbe.com/search?locale=en&offerCode=&flow=tf,,New,,PMS: RezTrip | Booking URL: https://yvehotelmiami.book.pegsbe.com/search?locale=en&offerCode=&flow=tf,,
Beach Place,beachplacemiami.com,http://www.beachplacemiami.com/,3058663313,info@beachplacemiami.com,SiteMinder,https://direct-book.com/properties/beachplacehoteldirect,,New,,PMS: SiteMinder | Booking URL: https://direct-book.com/properties/beachplacehoteldirect,,
Villa Italia By At Mine Hospitality,atminehospitality.com,https://www.atminehospitality.com/,+13054977553,info@atminehospitality.com,Cloudbeds,https://www.atminehospitality.com/portfolio#BookNow,,New,,PMS: Cloudbeds | Booking URL: https://www.atminehospitality.com/portfolio#BookNow,,
Sun Harbour Boutique Hotel,sunharbourhotel.com,http://sunharbourhotel.com/,+13058684447,RESERVATIONS@SUNHARBOURHOTEL.COM,SynXis / TravelClick,https://be.synxis.com/?hotel=53218&chain=6063&clearcache=all&configcode=basebe2018&level=hotel&nocache=true&notrack=true&sbe_ri=0&themecode=brand2019,,New,,PMS: SynXis / TravelClick | Booking URL: https://be.synxis.com/?hotel=53218&chain=6063&clearcache=all&configcode=basebe2018&level=hotel&nocache=true&notrack=true&sbe_ri=0&themecode=brand2019,,
Grand Beach Hotel Surfside,grandbeachhotel.com,https://www.grandbeachhotel.com/hotels/surfside?utm_source=google-local&utm_medium=organic&utm_campaign=gmb_east,+13055348666,SurfsideReservations@GrandBeachHotel.com,SynXis / TravelClick,https://reservations.grandbeachhotel.com/?Hotel=77297&Chain=16961,10,New,,PMS: SynXis / TravelClick | Booking URL: https://reservations.grandbeachhotel.com/?Hotel=77297&Chain=16961 | Rooms: 10,,
YOTEL Miami,yotel.com,https://www.yotel.com/en/hotels/yotel-miami?utm_source=Google&utm_medium=Yext_YOMIAH,+17867855700,miami.reservations@yotel.com,SynXis / TravelClick,https://be.synxis.com/?Hotel=36425&Chain=17799&sbreplaced=true&sbreplaced=true&sbreplaced=true&sbreplaced=true&sbreplaced=true&sbreplaced=true,1,New,,PMS: SynXis / TravelClick | Booking URL: https://be.synxis.com/?Hotel=36425&Chain=17799&sbreplaced=true&sbreplaced=true&sbreplaced=true&sbreplaced=true&sbreplaced=true&sbreplaced=true | Rooms: 1,,
Up Midtown Hotel,upmidtown.com,http://upmidtown.com/,+17864162275,,Cloudbeds,https://hotels.cloudbeds.com/es/reservation/UpukGL,,New,,PMS: Cloudbeds | Booking URL: https://hotels.cloudbeds.com/es/reservation/UpukGL,,
Seacoast Suites,seacoastsuites.com,http://www.seacoastsuites.com/,+13058655152,reservations@seacoastsuites.com,SynXis / TravelClick,https://reservations.travelclick.com/110049,,New,,PMS: SynXis / TravelClick | Booking URL: https://reservations.travelclick.com/110049,,
Casa Boutique Hotel,casamiamihotel.com,http://www.casamiamihotel.com/?utm_source=gmb&utm_medium=organic,+17862167780,frontdesk@casamiamihotel.com,SynXis / TravelClick,https://reservations.travelclick.com/107422?HotelId=107422&languageid=1&rooms=1&adults=1&roomtypeid=506925&_gl=1*1py6mtk*,,New,,PMS: SynXis / TravelClick | Booking URL: https://reservations.travelclick.com/107422?HotelId=107422&languageid=1&rooms=1&adults=1&roomtypeid=506925&_gl=1*1py6mtk*,,
Clinton Hotel South Beach,clintonsouthbeach.com,http://www.clintonsouthbeach.com/?utm_source=local-directories&utm_medium=organic&utm_campaign=travelclick-localconnect,3059384040,reservations@clintonsouthbeach.com,SynXis / TravelClick,https://reservations.travelclick.com/131444?HotelId=131444&languageid=1&rooms=1&adults=1&roomtypeid=388115&_gl=1*onmzev*,,New,,PMS: SynXis / TravelClick | Booking URL: https://reservations.travelclick.com/131444?HotelId=131444&languageid=1&rooms=1&adults=1&roomtypeid=388115&_gl=1*onmzev*,,
Beach Park Hotel,beachparkmiami.com,http://www.beachparkmiami.com/,+13055310021,,SynXis / TravelClick,https://reservations.travelclick.com/110102,,New,,PMS: SynXis / TravelClick | Booking URL: https://reservations.travelclick.com/110102,,
Fairwind Hotel Miami,fairwindhotelmiami.com,http://fairwindhotelmiami.com/,+7867539020,reservations@fairwindhotelmiami.com,SynXis / TravelClick,https://bookings.travelclick.com/116319,,New,,PMS: SynXis / TravelClick | Booking URL: https://bookings.travelclick.com/116319,,
Costa Hollywood Beach Hotel,costahollywoodhotel.com,https://www.costahollywoodhotel.com/,9546133700,FO@costahollywoodhotel.com,SynXis / TravelClick,https://reservations.travelclick.com/115630?RatePlanId=7272461&_gl=1*onmzev*,,New,,PMS: SynXis / TravelClick | Booking URL: https://reservations.travelclick.com/115630?RatePlanId=7272461&_gl=1*onmzev*,,
St Maurice Beach Inn,stmauriceinn.com,http://www.stmauriceinn.com/,+19549250527,stmauricebeachinn@gmail.com,Cloudbeds,https://hotels.cloudbeds.com/reservation/IRfH58,,New,,PMS: Cloudbeds | Booking URL: https://hotels.cloudbeds.com/reservation/IRfH58,,
The Dolphin Hollywood Hotel,dolphinhollywood.com,https://www.dolphinhollywood.com/,9542512011,,InnRoad,https://dolphinhollywood.client.innroad.com/,10,New,,PMS: InnRoad | Booking URL: https://dolphinhollywood.client.innroad.com/ | Rooms: 10,,
Posh Hostel South Beach,poshsouthbeach.com,https://www.poshsouthbeach.com/,3057034641,bookings@southbeachgroup.com,SynXis / TravelClick,https://bookings.travelclick.com/107629?adults=1&Children=0&domain=poshsouthbeach.com/&Rooms=1,,New,,PMS: SynXis / TravelClick | Booking URL: https://bookings.travelclick.com/107629?adults=1&Children=0&domain=poshsouthbeach.com/&Rooms=1,,
Hotel Shelley,hotelshelley.com,https://hotelshelley.com/,3057034641,bookings@southbeachgroup.com,SynXis / TravelClick,https://bookings.travelclick.com/107613?adults=2&Children=0&domain=hotelshelley.com/&Rooms=1,,New,,PMS: SynXis / TravelClick | Booking URL: https://bookings.travelclick.com/107613?adults=2&Children=0&domain=hotelshelley.com/&Rooms=1,,
Waterside Hotel,watersidehotelmiamibeach.com,https://watersidehotelmiamibeach.com/,3057034541,reservations@watersidehotelmiamibeach.com,SynXis / TravelClick,https://bookings.travelclick.com/107621?adults=2&Children=0&domain=watersidehotelmiamibeach.com/&Rooms=1,,New,,PMS: SynXis / TravelClick | Booking URL: https://bookings.travelclick.com/107621?adults=2&Children=0&domain=watersidehotelmiamibeach.com/&Rooms=1,,
Oceanside Hotel + Suites,oceansidehotelmiamibeach.com,https://oceansidehotelmiamibeach.com/,3057034541,sales@oceansidehotelmiamibeach.com,SynXis / TravelClick,https://reservations.travelclick.com/107631?RatePlanId=9697411&identifier=BDIR,,New,,PMS: SynXis / TravelClick | Booking URL: https://reservations.travelclick.com/107631?RatePlanId=9697411&identifier=BDIR,,
Charter House - Hollywood Beach Hotels,thecharterhousehotel.com,http://thecharterhousehotel.com/,9545890794,,Cloudbeds,https://www.cloudbeds.com/hotel-management-software/,,New,,PMS: Cloudbeds | Booking URL: https://www.cloudbeds.com/hotel-management-software/,,
The Elser Hotel - Miami,theelserhotel.com,https://www.theelserhotel.com/,7864721000,reservations@theelserhotel.com,Newbook,https://www.theelserhotel.com/#/booking/step-1,,New,,PMS: Newbook | Booking URL: https://www.theelserhotel.com/#/booking/step-1,,
Seaside All Suites Hotel,seasidehotelmiamibeach.com,https://seasidehotelmiamibeach.com/,3057034541,reception@seasidehotelmiamibeach.com,SynXis / TravelClick,https://bookings.travelclick.com/107627?adults=2&Children=0&domain=seasidehotelmiamibeach.com/&Rooms=1,,New,,PMS: SynXis / TravelClick | Booking URL: https://bookings.travelclick.com/107627?adults=2&Children=0&domain=seasidehotelmiamibeach.com/&Rooms=1,,
The Whitelaw Hotel,whitelawhotel.com,https://whitelawhotel.com/,3057034641,bookings@southbeachgroup.com,SynXis / TravelClick,https://bookings.travelclick.com/107599?adults=2&Children=0&domain=whitelawhotel.com/&Rooms=1,,New,,PMS: SynXis / TravelClick | Booking URL: https://bookings.travelclick.com/107599?adults=2&Children=0&domain=whitelawhotel.com/&Rooms=1,,
Hotel Chelsea,thehotelchelsea.com,https://thehotelchelsea.com/,3057034641,bookings@southbeachgroup.com,SynXis / TravelClick,https://bookings.travelclick.com/107603?adults=2&Children=0&domain=thehotelchelsea.com/&Rooms=1,,New,,PMS: SynXis / TravelClick | Booking URL: https://bookings.travelclick.com/107603?adults=2&Children=0&domain=thehotelchelsea.com/&Rooms=1,,
The Broadmore Miami Beach,broadmoremiamibeach.com,https://www.broadmoremiamibeach.com/?utm_source=google&utm_medium=organic&utm_campaign=gbp_listing,7865884755,res@broadmoremiamibeach.com,SynXis / TravelClick,https://reservations.travelclick.com/104025?HotelId=104025&languageid=1&rooms=1&adults=1&_gl=1*i8zqti*,,New,,PMS: SynXis / TravelClick | Booking URL: https://reservations.travelclick.com/104025?HotelId=104025&languageid=1&rooms=1&adults=1&_gl=1*i8zqti*,,
Dream Inn,dreaminnfl.com,https://www.dreaminnfl.com/,9543429835,info@accomoly.com,SiteMinder,https://direct-book.com/properties/dreaminnhoteldirect,,New,,PMS: SiteMinder | Booking URL: https://direct-book.com/properties/dreaminnhoteldirect,,
Jefferson Hotel,atminehospitality.com,https://www.atminehospitality.com/,+13054977553,info@atminehospitality.com,Cloudbeds,https://www.atminehospitality.com/portfolio#BookNow,,New,,PMS: Cloudbeds | Booking URL: https://www.atminehospitality.com/portfolio#BookNow,,
Grand Beach Hotel Bay Harbor,grandbeachhotel.com,https://www.grandbeachhotel.com/hotels/bay-harbor?utm_source=google-local&utm_medium=organic&utm_campaign=gmb_bay_harbor,+13056048666,BayHarborReservations@GrandBeachHotel.com,SynXis / TravelClick,https://be.synxis.com/?chain=16961&shell=RBE2&hotel=1124&promo=PARK&utm_source=popup&utm_campaign=freepark&utm_medium=shell,10,New,,PMS: SynXis / TravelClick | Booking URL: https://be.synxis.com/?chain=16961&shell=RBE2&hotel=1124&promo=PARK&utm_source=popup&utm_campaign=freepark&utm_medium=shell | Rooms: 10,,
Upsun Hotel,upsunhotel.com,https://upsunhotel.com/?utm_source=google&utm_medium=Local+SEO&utm_campaign=Google+Business+Profile,+17862167469,hello@upsunhotel.com,SynXis / TravelClick,https://be.synxis.com/signin?chain=33376&hotel=48555,6,New,,PMS: SynXis / TravelClick | Booking URL: https://be.synxis.com/signin?chain=33376&hotel=48555 | Rooms: 6,,
Hotel Belleza,bellezahotel.com,https://www.bellezahotel.com/,+13057401430,reservations@bellezahotel.com,WebRez,https://secure.webrez.com/hotel/2289?utm_source=web&utm_medium=boton&utm_campaign=sitio_web&utm_content=home,,New,,PMS: WebRez | Booking URL: https://secure.webrez.com/hotel/2289?utm_source=web&utm_medium=boton&utm_campaign=sitio_web&utm_content=home,,
The Fritz Hotel,thefritzhotel.com,http://www.thefritzhotel.com/,+13055310101,info@thefritzhotel.com,IQWebBook,https://us01.iqwebbook.com/TFHFL959/,6,New,,PMS: IQWebBook | Booking URL: https://us01.iqwebbook.com/TFHFL959/ | Rooms: 6,,
THE PEARL BOUTIQUE SUITES,thepearl308.com,http://www.thepearl308.com/,7863229258,inquiries@thepearl308.com,InnRoad,https://be-booking-engine-protected-api.innroad.com/widget/thepearl308,,New,,PMS: InnRoad | Booking URL: https://be-booking-engine-protected-api.innroad.com/widget/thepearl308,,
The Savoy Hotel & Beach Club ~ Miami Beach,savoy-miami.com,https://www.savoy-miami.com/,13055320200,reservations@savoymiami.com,SynXis / TravelClick,https://gc.synxis.com/rez.aspx?Hotel=30834&_gl=1*173q2nm*,,New,,PMS: SynXis / TravelClick | Booking URL: https://gc.synxis.com/rez.aspx?Hotel=30834&_gl=1*173q2nm*,,
Caribbean Resort Suites,caribbeanresortflorida.com,http://www.caribbeanresortflorida.com/,9549223761,info@caribbeanresortflorida.com,ASI Web Reservations,https://reservation.asiwebres.com/v2/RoomAvailability.aspx?id=fa5f9bf7338040ed9c8ca49e2b1e395b,,New,,PMS: ASI Web Reservations | Booking URL: https://reservation.asiwebres.com/v2/RoomAvailability.aspx?id=fa5f9bf7338040ed9c8ca49e2b1e395b,,
Hotel Trouvail Miami Beach,hoteltrouvailmiamibeach.com,https://www.hoteltrouvailmiamibeach.com/?utm_source=google&utm_medium=organic&utm_campaign=gbp_listing,+13057638006,frontdesk@hoteltrouvail.com,Cloudbeds,https://www.cloudbeds.com/,,New,,PMS: Cloudbeds | Booking URL: https://www.cloudbeds.com/,,
Kenmore Village Hotel,kenmorevillagehotel.com,https://www.kenmorevillagehotel.com/,,,SynXis / TravelClick,https://reservations.travelclick.com/9881767?HotelId=9881767&languageid=1&rooms=1&adults=1&roomtypeid=551586&_gl=1*173q2nm*,,New,,PMS: SynXis / TravelClick | Booking URL: https://reservations.travelclick.com/9881767?HotelId=9881767&languageid=1&rooms=1&adults=1&roomtypeid=551586&_gl=1*173q2nm*,,
The Grayson Hotel Miami,thegraysonmiami.com,https://www.thegraysonmiami.com/?utm_source=google&utm_medium=organic&utm_campaign=business_listing,7865779700,Reservations@thegraysonmiami.com,SynXis / TravelClick,https://static.travelclick.com/css/Raleway.css,,New,,PMS: SynXis / TravelClick | Booking URL: https://static.travelclick.com/css/Raleway.css,,
Grand Beach Hotel Surfside West,grandbeachhotel.com,https://www.grandbeachhotel.com/hotels/surfside/west-suites?utm_source=google-local&utm_medium=organic&utm_campaign=gmb_west,+13055348666,SurfsideReservations@GrandBeachHotel.com,SynXis / TravelClick,https://reservations.grandbeachhotel.com/?Hotel=77293&Chain=16961,10,New,,PMS: SynXis / TravelClick | Booking URL: https://reservations.grandbeachhotel.com/?Hotel=77293&Chain=16961 | Rooms: 10,,
Treehouse Hotel,hotels.cloudbeds.com,https://hotels.cloudbeds.com/en/reservation/r9dsBl/?_gl=1*t3rdqd*_ga*MTQ0MjU3MDA4Ny4xNzU2Mjc5NTE0*_ga_EPTT5VQLV3*czE3NTk1MzE2OTUkbzEzJGcxJHQxNzU5NTMxNzg4JGo2MCRsMCRoMA..&currency=usd&checkin=2025-10-16&checkout=2025-10-18,,,Cloudbeds,https://hotels.cloudbeds.com/en/reservation/r9dsBl/?_gl=1*t3rdqd*_ga*MTQ0MjU3MDA4Ny4xNzU2Mjc5NTE0*_ga_EPTT5VQLV3*czE3NTk1MzE2OTUkbzEzJGcxJHQxNzU5NTMxNzg4JGo2MCRsMCRoMA..&currency=usd&checkin=2025-10-16&checkout=2025-10-18,,New,,PMS: Cloudbeds | Booking URL: https://hotels.cloudbeds.com/en/reservation/r9dsBl/?_gl=1*t3rdqd*_ga*MTQ0MjU3MDA4Ny4xNzU2Mjc5NTE0*_ga_EPTT5VQLV3*czE3NTk1MzE2OTUkbzEzJGcxJHQxNzU5NTMxNzg4JGo2MCRsMCRoMA..&currency=usd&checkin=2025-10-16&checkout=2025-10-18,,
Aloha Fridays,staybluesuede.com,https://www.staybluesuede.com/hotels/aloha-fridays?utm_source=google&utm_medium=organic&utm_campaign=business_listing,3059287564,info@staybluesuede.com,Mews,https://app.mews.com/distributor/9bcc669a-4038-43ed-b8b9-b2f20034b582?mewsStart=2025-12-18&mewsEnd=2025-12-21&mewsRoom=1&mewsAdultCount=1,,New,,PMS: Mews | Booking URL: https://app.mews.com/distributor/9bcc669a-4038-43ed-b8b9-b2f20034b582?mewsStart=2025-12-18&mewsEnd=2025-12-21&mewsRoom=1&mewsAdultCount=1,,
Vacation Village at Weston,vacationvillageresorts.com,https://vacationvillageresorts.com/vacation_village_weston/index.html,9542170162,vacvillages@dmresorts.com,Vacatia,https://vacatia.com/south-florida-vacation-resort-rentals/vacation-village-at-weston/weston-florida?utm_source=resort_websites&utm_medium=vacationvillage&campaign=direct&adcid=2401,,New,,PMS: Vacatia | Booking URL: https://vacatia.com/south-florida-vacation-resort-rentals/vacation-village-at-weston/weston-florida?utm_source=resort_websites&utm_medium=vacationvillage&campaign=direct&adcid=2401,,
Mizner Place at Weston Town Center,vacationvillageresorts.com,https://vacationvillageresorts.com/mizner_place/index.html,9543853650,vacvillages@dmresorts.com,Vacatia,https://vacatia.com/south-florida-vacation-resort-rentals/mizner-place-at-weston-town-center/weston-florida?utm_source=resort_websites&utm_medium=vacationvillage&utm_campaign=direct&utm_adcid=2401,,New,,PMS: Vacatia | Booking URL: https://vacatia.com/south-florida-vacation-resort-rentals/mizner-place-at-weston-town-center/weston-florida?utm_source=resort_websites&utm_medium=vacationvillage&utm_campaign=direct&utm_adcid=2401,,
Miami Lakes Hotel,miamilakeshotel.com,https://www.miamilakeshotel.com/?utm_source=local-directories&utm_medium=organic&utm_campaign=localconnect,+13058211150,,SynXis / TravelClick,https://reservations.travelclick.com/12514?HotelId=12514&languageid=1&rooms=1&adults=1&roomtypeid=62885&_gl=1*173q2nm*,1150,New,,PMS: SynXis / TravelClick | Booking URL: https://reservations.travelclick.com/12514?HotelId=12514&languageid=1&rooms=1&adults=1&roomtypeid=62885&_gl=1*173q2nm* | Rooms: 1150,,
The Caroline,thecarolinehotel.com,http://www.thecarolinehotel.com/,9545890794,,Cloudbeds,https://www.cloudbeds.com/hotel-management-software/,,New,,PMS: Cloudbeds | Booking URL: https://www.cloudbeds.com/hotel-management-software/,,
Metropole Suites South Beach,metropolesouthbeach.com,https://metropolesouthbeach.com/,3057034641,bookings@southbeachgroup.com,SynXis / TravelClick,https://bookings.travelclick.com/107607?adults=2&Children=0&domain=metropolesouthbeach.com/&Rooms=1,,New,,PMS: SynXis / TravelClick | Booking URL: https://bookings.travelclick.com/107607?adults=2&Children=0&domain=metropolesouthbeach.com/&Rooms=1,,
Mack's Fish Camp - Gladesmen Airboat Tours,gladesmenculture.com,https://gladesmenculture.com/?fbclid=IwAR3Qf9QbGxMJf6V3oBTdvNxNkd5a9NDApp7c3j0379m9C8BbS4ge9mg38tw,9545367400,booking@gladesmenculture.com,FareHarbor,https://fareharbor.com/embeds/book/gladesmenairboattours/items/673812/?full-items=yes&flow=1492118,,New,,PMS: FareHarbor | Booking URL: https://fareharbor.com/embeds/book/gladesmenairboattours/items/673812/?full-items=yes&flow=1492118,,
Hôtel Gaythering,gaythering.com,http://www.gaythering.com/,,,SynXis / TravelClick,https://reservations.travelclick.com/9879894?HotelId=9879894&languageid=1&rooms=1&adults=1&roomtypeid=548844&_gl=1*1056gtv*,,New,,PMS: SynXis / TravelClick | Booking URL: https://reservations.travelclick.com/9879894?HotelId=9879894&languageid=1&rooms=1&adults=1&roomtypeid=548844&_gl=1*1056gtv*,,
Tower Hotel - Calle Ocho By At Mine Hospitality,atminehospitality.com,https://www.atminehospitality.com/,+13054977553,info@atminehospitality.com,Cloudbeds,https://www.atminehospitality.com/portfolio#BookNow,,New,,PMS: Cloudbeds | Booking URL: https://www.atminehospitality.com/portfolio#BookNow,,
SandPiper I,vacationvillageresorts.com,https://www.vacationvillageresorts.com/,,,Vacatia,https://vacatia.com/las-vegas-vacation-resort-rentals/the-berkley-las-vegas-no-resort-fees/las-vegas-nevada?utm_source=resort_websites&utm_medium=vacationvillage&utm_campaign=direct&utm_content=green_button_berkley_las_vegas_overviewpage&adcid=2401?,,New,,PMS: Vacatia | Booking URL: https://vacatia.com/las-vegas-vacation-resort-rentals/the-berkley-las-vegas-no-resort-fees/las-vegas-nevada?utm_source=resort_websites&utm_medium=vacationvillage&utm_campaign=direct&utm_content=green_button_berkley_las_vegas_overviewpage&adcid=2401?,,
Vacation Village - Ibis Building,vacationvillageresorts.com,https://vacationvillageresorts.com/vacation_village_weston/index.html,9542170162,vacvillages@dmresorts.com,Vacatia,https://vacatia.com/south-florida-vacation-resort-rentals/vacation-village-at-weston/weston-florida?utm_source=resort_websites&utm_medium=vacationvillage&campaign=direct&adcid=2401,,New,,PMS: Vacatia | Booking URL: https://vacatia.com/south-florida-vacation-resort-rentals/vacation-village-at-weston/weston-florida?utm_source=resort_websites&utm_medium=vacationvillage&campaign=direct&adcid=2401,,
Vacation Village,vacationvillageresorts.com,https://vacationvillageresorts.com/vacation_village_weston/index.html,9542170162,vacvillages@dmresorts.com,Vacatia,https://vacatia.com/south-florida-vacation-resort-rentals/vacation-village-at-weston/weston-florida?utm_source=resort_websites&utm_medium=vacationvillage&campaign=direct&adcid=2401,,New,,PMS: Vacatia | Booking URL: https://vacatia.com/south-florida-vacation-resort-rentals/vacation-village-at-weston/weston-florida?utm_source=resort_websites&utm_medium=vacationvillage&campaign=direct&adcid=2401,,
"Life House, South of Fifth",atminehospitality.com,https://www.atminehospitality.com/,+13054977553,info@atminehospitality.com,Cloudbeds,https://www.atminehospitality.com/portfolio#BookNow,,New,,PMS: Cloudbeds | Booking URL: https://www.atminehospitality.com/portfolio#BookNow,,
Vacation Village at Bonaventure,vacationvillageresorts.com,https://vacationvillageresorts.com/vacation_village_bonaventure/index.html,9543849445,vacvillages@dmresorts.com,Vacatia,https://vacatia.com/south-florida-vacation-resort-rentals/vacation-village-at-bonaventure/weston-florida?utm_source=resort_websites&utm_medium=vacationvillage&utm_campaign=direct&adcid=2401,,New,,PMS: Vacatia | Booking URL: https://vacatia.com/south-florida-vacation-resort-rentals/vacation-village-at-bonaventure/weston-florida?utm_source=resort_websites&utm_medium=vacationvillage&utm_campaign=direct&adcid=2401,,
Casa Agave Miami,casaagavemiami.com,https://www.casaagavemiami.com/,+130542966,casaagavemiami@gmail.com,Cloudbeds,https://us2.cloudbeds.com/reservation/eBkJ25,,New,,PMS: Cloudbeds | Booking URL: https://us2.cloudbeds.com/reservation/eBkJ25,,
Bentley Hotel South Beach,thebentleyhotel.com,https://thebentleyhotel.com/,+13055381700,,SynXis / TravelClick,https://be.synxis.com/?Hotel=45110&Chain=31829,,New,,PMS: SynXis / TravelClick | Booking URL: https://be.synxis.com/?Hotel=45110&Chain=31829,,
